"first_name","last_name","company_name","address","city","country","postal","phone1","phone2","email","web""Aleshia","Tomkiewicz","Alan D Rosenburg Cpa Pc","14 Taylor St","St. Stephens Ward","Kent","CT2 7PP","01835-703597","01944-369967","atomkiewicz@hotmail.com","http://www.alandrosenburgcpapc.co.uk""Evan","Zigomalas","Cap Gemini America","5 Binney St","Abbey Ward","Buckinghamshire","HP11 2AX","01937-864715","01714-737668","evan.zigomalas@gmail.com","http://www.capgeminiamerica.co.uk""France","Andrade","Elliott, John W Esq","8 Moor Place","East Southbourne and Tuckton W","Bournemouth","BH6 3BE","01347-368222","01935-821636","france.andrade@hotmail.com","http://www.elliottjohnwesq.co.uk""Ulysses","Mcwalters","Mcmahan, Ben L","505 Exeter Rd","Hawerby cum Beesby","Lincolnshire","DN36 5RP","01912-771311","01302-601380","ulysses@hotmail.com","http://www.mcmahanbenl.co.uk""Tyisha","Veness","Champagne Room","5396 Forth Street","Greets Green and Lyng Ward","West Midlands","B70 9DT","01547-429341","01290-367248","tyisha.veness@hotmail.com","http://www.champagneroom.co.uk""Eric","Rampy","Thompson, Michael C Esq","9472 Lind St","Desborough","Northamptonshire","NN14 2GH","01969-886290","01545-817375","erampy@rampy.co.uk","http://www.thompsonmichaelcesq.co.uk""Marg","Grasmick","Wrangle Hill Auto Auct & Slvg","7457 Cowl St #70","Bargate Ward","Southampton","SO14 3TY","01865-582516","01362-620532","marg@hotmail.com","http://www.wranglehillautoauctslvg.co.uk""Laquita","Hisaw","In Communications Inc","20 Gloucester Pl #96","Chirton Ward","Tyne & Wear","NE29 7AD","01746-394243","01590-982428","laquita@yahoo.com","http://www.incommunicationsinc.co.uk""Lura","Manzella","Bizerba Usa Inc","929 Augustine St","Staple Hill Ward","South Gloucestershire","BS16 4LL","01907-538509","01340-713951","lura@hotmail.com","http://www.bizerbausainc.co.uk""Yuette","Klapec","Max Video","45 Bradfield St #166","Parwich","Derbyshire","DE6 1QN","01903-649460","01933-512513","yuette.klapec@klapec.co.uk","http://www.maxvideo.co.uk""Fernanda","Writer","K & R Associates Inc","620 Northampton St","Wilmington","Kent","DA2 7PP","01630-202053","01687-879391","fernanda@writer.co.uk","http://www.krassociatesinc.co.uk""Charlesetta","Erm","Cain, John M Esq","5 Hygeia St","Loundsley Green Ward","Derbyshire","S40 4LY","01276-816806","01517-624517","charlesetta_erm@gmail.com","http://www.cainjohnmesq.co.uk""Corrinne","Jaret","Sound Vision Corp","2150 Morley St","Dee Ward","Dumfries and Galloway","DG8 7DE","01625-932209","01642-322954","corrinne_jaret@gmail.com","http://www.soundvisioncorp.co.uk""Niesha","Bruch","Rowley/hansell Petetin","24 Bolton St","Broxburn, Uphall and Winchburg","West Lothian","EH52 5TL","01874-856950","01342-793603","niesha.bruch@yahoo.com","http://www.rowleyhansellpetetin.co.uk""Rueben","Gastellum","Industrial Engineering Assocs","4 Forrest St","Weston-Super-Mare","North Somerset","BS23 3HG","01976-755279","01956-535511","rueben_gastellum@gastellum.co.uk","http://www.industrialengineeringassocs.co.uk""Michell","Throssell","Weiss Spirt & Guyer","89 Noon St","Carbrooke","Norfolk","IP25 6JQ","01967-580851","01672-496478","mthrossell@throssell.co.uk","http://www.weissspirtguyer.co.uk""Edgar","Kanne","Crowan, Kenneth W Esq","99 Guthrie St","New Milton","Hampshire","BH25 5DF","01326-532337","01666-638176","edgar.kanne@yahoo.com","http://www.crowankennethwesq.co.uk""Dewitt","Julio","Rittenhouse Motor Co","7 Richmond St","Parkham","Devon","EX39 5DJ","01253-528327","01241-964675","dewitt.julio@hotmail.com","http://www.rittenhousemotorco.co.uk""Charisse","Spinello","Modern Plastics Corp","9165 Primrose St","Darnall Ward","Yorkshire, South","S4 7WN","01719-831436","01207-428520","charisse_spinello@spinello.co.uk","http://www.modernplasticscorp.co.uk""Mee","Lapinski","Galloway Electric Co Inc","9 Pengwern St","Marldon","Devon","TQ3 1SA","01578-287816","01939-815208","mee.lapinski@yahoo.com","http://www.gallowayelectriccoinc.co.uk""Peter","Gutierres","Niagara Custombuilt Mfg Co","4410 Tarlton St","Prestatyn Community","Denbighshire","LL19 9EG","01842-767201","01859-648598","peter_gutierres@yahoo.com","http://www.niagaracustombuiltmfgco.co.uk""Octavio","Salvadore","Practical Periphrals","6949 Bourne St","Lye and Stourbridge North Ward","West Midlands","DY5 2QP","01552-709248","01743-139456","octavio.salvadore@yahoo.com","http://www.practicalperiphrals.co.uk""Martha","Teplica","Curtin, Patricia M Esq","148 Rembrandt St","Warlingham","Surrey","CR6 9SW","01677-684257","01583-287367","mteplica@teplica.co.uk","http://www.curtinpatriciamesq.co.uk""Tamesha","Veigel","Wilhelm, James E Jr","2200 Nelson St #58","Newport","Isle of Wight","PO30 5AL","01217-342071","01280-786847","tveigel@veigel.co.uk","http://www.wilhelmjamesejr.co.uk""Tess","Sitra","Smart Signs","61 Rossett St","Chichester","West Sussex","PO19 1RH","01473-229124","01848-116775","tess_sitra@hotmail.com","http://www.smartsigns.co.uk""Leonard","Kufner","Arctic Star Distributing Inc","41 Canning St","Steornabhagh a Deas Ward","Western Isles","HS1 2PZ","01230-623547","01604-718601","lkufner@kufner.co.uk","http://www.arcticstardistributinginc.co.uk""Svetlana","Tauras","Lensbower, Gregory L Esq","8289 Cadogan St","South Ward","North Eart Lincolnshire","DN33 1AU","01781-827317","01509-121140","svetlana_tauras@tauras.co.uk","http://www.lensbowergregorylesq.co.uk""Pok","Molaison","Portal Metal Products","211 Hobart St","Newquay","Cornwall","TR7 1LS","01866-248660","01315-284286","pok@yahoo.com","http://www.portalmetalproducts.co.uk""Augustine","Growcock","Lynema, Cliff Cpa","114 Falkland St #8845","Brimpton","Berkshire","RG7 4RF","01541-802635","01926-108010","augustine.growcock@growcock.co.uk","http://www.lynemacliffcpa.co.uk""Karma","Quarto","J C S Machinery","1 Birkett St","Shard End Ward","West Midlands","B33 0NH","01857-864722","01307-667811","kquarto@gmail.com","http://www.jcsmachinery.co.uk""Reed","Weisinger","Berick, Joseph G Esq","5147 Blackstone St","Letchworth South West Ward","Hertfordshire","SG6 3LE","01243-678286","01292-297245","reed_weisinger@yahoo.com","http://www.berickjosephgesq.co.uk""German","Zelaya","Jackson & Heit Machine Co Inc","7 Shenstone St","Longhill Ward","Yorkshire, East (North Humbers","HU8 9PZ","01400-269033","01366-210656","german@hotmail.com","http://www.jacksonheitmachinecoinc.co.uk""Milly","Savidge","Bridgeway Plan For Health","129 Alexander Pope St","Franche Ward","Hereford and Worcester","DY11 9BW","01702-725589","01421-132652","milly@gmail.com","http://www.bridgewayplanforhealth.co.uk""Luis","Ear","Wa Inst For Plcy Studies","2 Birchfield Rd","Whittington","Shropshire","SY11 4PH","01462-648669","01405-648623","luis@hotmail.com","http://www.wainstforplcystudies.co.uk""Ciara","Cobbley","Wmgl 101.7 Fm","7523 Kempton Rd","Cockerton West Ward","Darlington","DL3 0JF","01235-647932","01809-443217","ciara_cobbley@hotmail.com","http://www.wmglfm.co.uk""Alethea","Mould","Hughlett, Henry T Jr","6305 Elstow St","Castle Ward","West Sussex","BN12 6PR","01662-114247","01351-868965","alethea@hotmail.com","http://www.hughletthenrytjr.co.uk""Margurite","Loperfido","Penrose Place Pharmacy Inc","218 Greenbank Drive","Devizes","Wiltshire","SN10 3DU","01407-866759","01640-661191","mloperfido@gmail.com","http://www.penroseplacepharmacyinc.co.uk""Vernice","Sperazza","Novak, Alan Paul Esq","8921 Forge St","Colnbrook with Poyle","Buckinghamshire","SL3 0PY","01822-563044","01765-519419","vernice@yahoo.com","http://www.novakalanpaulesq.co.uk""Vicente","Rawicki","B & S Tool And Cutter Svc Inc","3060 St Ambrose Grove #261","Aldridge Central and South War","West Midlands","WS9 8UR","01327-770774","01286-258121","vicente_rawicki@hotmail.com","http://www.bstoolandcuttersvcinc.co.uk""Craig","Cua","Berry, John M Esq","8388 Bessemer St #5","East Putney Ward","Greater London","SW15 2RP","01483-418969","01818-980469","craig@hotmail.com","http://www.berryjohnmesq.co.uk""Jenise","Dulle","Alden, Michael H Esq","87 Pownall Sq","Sawston","Cambridgeshire","CB22 3BB","01709-854691","01572-193368","jenise.dulle@hotmail.com","http://www.aldenmichaelhesq.co.uk""Marylin","Cornelison","Ernest E Heuer & Company Pc","39 Wye St","Wakefield North Ward","West Yorkshire","WF1 1DR","01609-882184","01295-331807","marylin_cornelison@yahoo.com","http://www.ernesteheuercompanypc.co.uk""Marget","Gunst","Frankel, Stephen","2732 Bostock St #1","St. Enoder","Cornwall","TR9 6NJ","01693-310794","01512-975244","mgunst@yahoo.com","http://www.frankelstephen.co.uk""Annett","Bunselmeyer","Guynes Design Inc","5562 Fairfield St #847","Ryde","Isle of Wight","PO33 1HH","01891-702579","01333-972244","abunselmeyer@hotmail.com","http://www.guynesdesigninc.co.uk""Kip","Turziano","General Appraisal Co","37 Meadow St","Laindon Park Ward","Essex","SS15 6LE","01850-347846","01222-164469","kip.turziano@yahoo.com","http://www.generalappraisalco.co.uk""Melina","Orizabal","Sheraton Inn Ocean Front","3 Nevison St","Lymington and Pennington","Hampshire","SO41 1DL","01420-307327","01245-559333","melina@gmail.com","http://www.sheratoninnoceanfront.co.uk""Tina","Clapham","Cooper Myers Y Co","5662 William Moult St","Aylesbury","Buckinghamshire","HP21 8PP","01567-296442","01493-245349","tclapham@gmail.com","http://www.coopermyersyco.co.uk""Luisa","Devereux","Cash 4 Checks","3 North View #35","Burmantofts and Richmond Hill ","West Yorkshire","LS9 7JH","01607-269930","01334-807355","ldevereux@gmail.com","http://www.cashchecks.co.uk""Pedro","Aschoff","Charlotte Chamber","135 Opie St","Howard Town Ward","Derbyshire","SK13 8BB","01386-981141","01823-517315","paschoff@yahoo.com","http://www.charlottechamber.co.uk""Carrol","Kunimitsu","Kisc 98 Kiss Fm","1 Askew St","Farnham","Surrey","GU9 9AS","01260-641258","01415-364461","carrol_kunimitsu@yahoo.com","http://www.kisckissfm.co.uk""Alba","Mosseri","Schwartzbard, Gail L Esq","4 Burnall St","Beeston West Ward","Nottinghamshire","NG9 1AE","01543-198690","01231-806535","alba@gmail.com","http://www.schwartzbardgaillesq.co.uk""Domonique","Sandlin","Marketing Horizons Inc","95 Denton St","Wollaton West Ward","Nottinghamshire","NG8 2NB","01355-500797","01987-728730","domonique@hotmail.com","http://www.marketinghorizonsinc.co.uk""Rory","Neufville","Brady, Brad J Esq","5 Chadwick St #7","Llangeler Community","Ceredigion","SA44 5HF","01252-621329","01442-700486","rory_neufville@neufville.co.uk","http://www.bradybradjesq.co.uk""Dustin","Klingaman","Welders Supply","67 Micawber St","Brockley Ward","Greater London","SE14 6RQ","01712-135466","01523-775781","dklingaman@gmail.com","http://www.welderssupply.co.uk""Lyndia","Moonshower","Bomarko Inc","43 Williamson St #7995","Meads Ward","East Sussex","BN20 7HB","01469-300335","01789-132579","lyndia_moonshower@moonshower.co.uk","http://www.bomarkoinc.co.uk""Jules","Hiltner","Benitez, Brigida Esq","5 Howe St","Broxburn, Uphall and Winchburg","West Lothian","EH52 6NF","01428-343825","01814-878359","jules@yahoo.com","http://www.benitezbrigidaesq.co.uk""Dong","Kopczynski","Kennedy Scales Inc","7 Cheapside #9","St. Ive","Cornwall","PL14 5PA","01770-129032","01639-518104","dkopczynski@kopczynski.co.uk","http://www.kennedyscalesinc.co.uk""Justine","Salta","Barajas & Bustamante Archl","85 Bridgewater St","Shard End Ward","West Midlands","B34 7BP","01689-253476","01376-851958","justine_salta@yahoo.com","http://www.barajasbustamantearchl.co.uk""Chantay","Kamens","Brewster Wallcoverings Co","763 Parkfield Rd","Norton Canes","Staffordshire","WS11 9RH","01823-383806","01245-146126","ckamens@hotmail.com","http://www.brewsterwallcoveringsco.co.uk""Tequila","Chisum","Bohs Well Drilling Inc","662 Grove Park","Bulwell Ward","Nottinghamshire","NG6 8RG","01835-634521","01702-946496","tequila.chisum@chisum.co.uk","http://www.bohswelldrillinginc.co.uk""Maybelle","Consolazio","Gavin, Lee W Esq","5410 Lawton St","Treorchy Community","Rhondda Cynon Taff","CF42 6PL","01383-647035","01351-200904","mconsolazio@yahoo.com","http://www.gavinleewesq.co.uk""Margarett","Bairo","Reid, Carleton B Esq","3 August Rd","Maybury and Sheerwater Ward","Surrey","GU21 5QL","01670-813697","01903-424890","margarett@gmail.com","http://www.reidcarletonbesq.co.uk""Janessa","Noonon","Canterbury, Christopher C","476 Starkie St","Westgate Ward","Gloucestershire","GL1 1QW","01472-324699","01841-979075","jnoonon@yahoo.com","http://www.canterburychristopherc.co.uk""Sol","Cowser","Omni Mandalay","6448 Tillard St","Conisbrough and Denaby Ward","South Yorkshire","DN12 4JF","01412-528394","01580-134516","sol@gmail.com","http://www.omnimandalay.co.uk""Louann","Smethers","Lba Savings Bank","3055 Creswick St","Newbold and Brownsover Ward","Warwickshire","CV21 1LN","01670-234959","01488-872531","louann@gmail.com","http://www.lbasavingsbank.co.uk""Lindsay","Yadao","Lutz, Christopher T Esq","7 Jolliffe St","Middlewich","Cheshire","CW10 9GB","01947-566661","01481-295251","lindsay_yadao@yadao.co.uk","http://www.lutzchristophertesq.co.uk""Malika","Hanton","Association Of Art Museum Dir","1175 Greig St","St. Marys Ward","Greater Manchester","M25 0ZN","01532-497454","01705-208145","malika@gmail.com","http://www.associationofartmuseumdir.co.uk""Stefany","Ferenz","L & L Sales Co Inc","636 Portland Place","Gresham Ward","Middlesbrough","TS1 4RG","01743-977277","01704-986828","stefany@hotmail.com","http://www.llsalescoinc.co.uk""Abraham","Cratch","Cavuto, John A","41 Benedict St","Aldborough Ward","Greater London","IG2 7QG","01599-245408","01695-305111","acratch@gmail.com","http://www.cavutojohna.co.uk""Giuseppe","Rohaley","Pacific Coast Packaging","62 Margaret St","Royal Hospital Ward","Greater London","SW3 4ND","01345-400452","01866-845669","giuseppe@yahoo.com","http://www.pacificcoastpackaging.co.uk""Kiera","Bassil","Storm Eye Institute","5152 Sophia St","Woodstock Ward","South Gloucestershire","BS15 8DS","01655-519837","01783-446052","kbassil@bassil.co.uk","http://www.stormeyeinstitute.co.uk""Wendell","Rubano","Automation Engrg & Mfg Inc","1 Back Canning St","Dunblane and Bridge of Allan W","Stirling","FK9 4LD","01837-530939","01752-386691","wendell_rubano@hotmail.com","http://www.automationengrgmfginc.co.uk""Stevie","Stifflemire","Packaging Corp Of America","9 Gradwell St","Kempshott Ward","Hampshire","RG22 5HA","01262-808399","01411-169215","stevie_stifflemire@stifflemire.co.uk","http://www.packagingcorpofamerica.co.uk""Yun","Paletta","Goe, Douglas E Esq","9205 Upper Hill St","City and Hunslet Ward","West Yorkshire","LS1 5QE","01350-332706","01374-255198","yun_paletta@paletta.co.uk","http://www.goedouglaseesq.co.uk""Brittani","Thurm","Burgess Steel Products Corp","9 Horatio St","Ruckinge","Kent","TN26 2PN","01686-306597","01970-890023","bthurm@yahoo.com","http://www.burgesssteelproductscorp.co.uk""Billy","Venus","Tipton & Hurst","61 Miriam St","Abbey Road Ward","Greater London","NW8 9BD","01537-356648","01703-435212","billy.venus@yahoo.com","http://www.tiptonhurst.co.uk""Brynn","Elkan","A O Hardee & Son Inc","67 Pulford St","Prittlewell Ward","Essex","SS2 6NL","01388-416867","01345-625433","brynn@yahoo.com","http://www.aohardeesoninc.co.uk""Elroy","Piehler","Jonson, Geo D Esq","821 Pembroke Place","Kirkby Stephen","Cumbria","CA17 4RZ","01589-654152","01586-387018","epiehler@piehler.co.uk","http://www.jonsongeodesq.co.uk""Anisha","Shulick","Dale Yoder Clu Life Hlth & Bus","3 Alder St","Eaton Park Ward","Stoke-on-Trent","ST2 9AW","01780-704167","01268-233798","ashulick@yahoo.com","http://www.daleyoderclulifehlthbus.co.uk""Bettina","Kham","Council Of Cmnty Blood Ctrs","80 Morecambe St","Bishop Auckland","County Durham","DL14 6NG","01355-192668","01340-622388","bettina.kham@kham.co.uk","http://www.councilofcmntybloodctrs.co.uk""Velda","Mancilla","Tremont, Michael A Esq","7866 Renshaw St #283","Falmouth","Cornwall","TR11 4QQ","01823-526645","01368-456268","velda_mancilla@mancilla.co.uk","http://www.tremontmichaelaesq.co.uk""Marta","Brace","Trautman, Eileen Esq","658 Lake St","Malmesbury","Wiltshire","SN16 0XZ","01777-469402","01631-454193","marta.brace@brace.co.uk","http://www.trautmaneileenesq.co.uk""Juan","Vanwyhe","Office Service Co","5382 Redfern St","West End Ward","Greater London","W1J 0QH","01961-642757","01728-150282","juan_vanwyhe@gmail.com","http://www.officeserviceco.co.uk""Lelia","Filion","Alphabetland Pre School Center","45 Bidder St #38","Town Ward","Greater London","EN1 3HT","01367-136951","01322-715065","lelia.filion@filion.co.uk","http://www.alphabetlandpreschoolcenter.co.uk""Una","Frankel","Shamrock Food Service","6766 Britton St #379","Crompton Ward","Greater Manchester","BL1 3EX","01912-749219","01308-356704","ufrankel@hotmail.com","http://www.shamrockfoodservice.co.uk""Eva","Joulwan","Central Hrdwr & Elec Corp","7 Lear Rd","Stroud","Hampshire","GU32 3PQ","01779-720349","01961-802899","eva.joulwan@gmail.com","http://www.centralhrdwreleccorp.co.uk""Mammie","Dormanen","Matt Parrott & Sons Co","2577 Toxteth St #5","Overton Ward","Lancashire","BB6 7UN","01527-579687","01439-184366","mammie_dormanen@hotmail.com","http://www.mattparrottsonsco.co.uk""Jeannetta","Coolidge","Tiny Tots Originals Div","761 Cockerell St #1","Midway Ward","Derbyshire","DE11 0HE","01927-790069","01440-276155","jeannetta_coolidge@gmail.com","http://www.tinytotsoriginalsdiv.co.uk""Elbert","Drawe","Lovitch, Alan F","9 Cypress St","Washington East Ward","Tyne and Wear","NE38 9AQ","01753-784273","01496-526674","edrawe@drawe.co.uk","http://www.lovitchalanf.co.uk""Lenny","Gazzola","Wise Industries","6 Romilly St","Walkergate Ward","Tyne and Wear","NE6 4YH","01312-233253","01342-706893","lenny.gazzola@yahoo.com","http://www.wiseindustries.co.uk""Mira","Alpheaus","East County Process","51 St Anne St #12","Stratfield Mortimer","Berkshire","RG7 3RA","01241-273991","01381-836777","mira.alpheaus@yahoo.com","http://www.eastcountyprocess.co.uk""Cathern","Ungar","Agopgee Enterprises Inc","823 Idris St","Selston","Nottinghamshire","NG16 5LG","01898-134749","01266-671305","cathern.ungar@ungar.co.uk","http://www.agopgeeenterprisesinc.co.uk""Malcom","Fleckles","L Winik & Associates Inc","8764 Nickleby St #877","Govan Ward","Glasgow City","G51 1BQ","01478-110943","01937-120539","malcom.fleckles@gmail.com","http://www.lwinikassociatesinc.co.uk""Monroe","Damato","Rosati, Marc D Esq","5344 Bengel St #5","Millwall Ward","Greater London","E14 5DR","01402-733903","01440-164945","mdamato@damato.co.uk","http://www.rosatimarcdesq.co.uk""Leota","Fletchen","Rust Evader Corp","8880 Great Howard St #7750","Sefton","Merseyside","L29 7WD","01358-446391","01414-780251","lfletchen@gmail.com","http://www.rustevadercorp.co.uk""Berry","Gutoski","Budget Annex","9 Oakleigh","Lancing","West Sussex","BN15 9BN","01448-211489","01929-400879","berry@gmail.com","http://www.budgetannex.co.uk""Meghan","Riherd","Kiqo Pure Gold Oldies 104 Fm","83 Denbigh St Bootle","St. Gluvias","Cornwall","TR3 7AZ","01462-474800","01650-129106","meghan@riherd.co.uk","http://www.kiqopuregoldoldiesfm.co.uk""Mike","Torner","Segall Majestic Inc","30 Aughton St","Hilton","Aberdeenshire","AB24 2RR","01240-600327","01408-918612","mike_torner@torner.co.uk","http://www.segallmajesticinc.co.uk""Elsa","Delisle","Taos Valley Resort Assn","260 Saxon St","Brooklands Ward","Greater Manchester","M33 4BP","01537-525550","01204-471598","elsa_delisle@gmail.com","http://www.taosvalleyresortassn.co.uk""Linwood","Rosenlof","Exhibit Crafts Inc","3 Pyramid St","Eccleston Ward","Merseyside","WA10 3BW","01546-942059","01244-769346","linwood.rosenlof@yahoo.com","http://www.exhibitcraftsinc.co.uk"